player_name,first_name,last_name,first_initial_last_name
Wesley Matthews,Wesley,Matthews,W. Matthews
Sasha Pavlovic,Sasha,Pavlovic,S. Pavlovic
Steve Blake,Steve,Blake,S. Blake
Brandan Wright,Brandan,Wright,B. Wright
Enes Freedom,Enes,Freedom,E. Freedom
Rodrigue Beaubois,Rodrigue,Beaubois,R. Beaubois
Marvin Williams,Marvin,Williams,M. Williams
Kevin Murphy,Kevin,Murphy,K. Murphy
Darren Collison,Darren,Collison,D. Collison
Derrick Favors,Derrick,Favors,D. Favors
Randy Foye,Randy,Foye,R. Foye
Mo Williams,Mo,Williams,M. Williams
Paul Millsap,Paul,Millsap,P. Millsap
Gordon Hayward,Gordon,Hayward,G. Hayward
Al Jefferson,Al,Jefferson,A. Jefferson
O.J. Mayo,O.J.,Mayo,O. Mayo
Shawn Marion,Shawn,Marion,S. Marion
Jae Crowder,Jae,Crowder,J. Crowder
Elton Brand,Elton,Brand,E. Brand
Jamaal Tinsley,Jamaal,Tinsley,J. Tinsley
Dahntay Jones,Dahntay,Jones,D. Jones
Vince Carter,Vince,Carter,V. Carter
DeMarre Carroll,DeMarre,Carroll,D. Carroll
Festus Ezeli,Festus,Ezeli,F. Ezeli
Marcin Gortat,Marcin,Gortat,M. Gortat
Luis Scola,Luis,Scola,L. Scola
P.J. Tucker,P.J.,Tucker,P. Tucker
Andrew Bogut,Andrew,Bogut,A. Bogut
Brandon Rush,Brandon,Rush,B. Rush
Metta World Peace,Metta,Peace,M. Peace
Antawn Jamison,Antawn,Jamison,A. Jamison
Jordan Hill,Jordan,Hill,J. Hill
Jared Jeffries,Jared,Jeffries,J. Jeffries
Robert Sacre,Robert,Sacre,R. Sacre
Chris Duhon,Chris,Duhon,C. Duhon
Devin Ebanks,Devin,Ebanks,D. Ebanks
Steve Nash,Steve,Nash,S. Nash
Damian Lillard,Damian,Lillard,D. Lillard
LaMarcus Aldridge,LaMarcus,Aldridge,L. Aldridge
Kobe Bryant,Kobe,Bryant,K. Bryant
Meyers Leonard,Meyers,Leonard,M. Leonard
Pau Gasol,Pau,Gasol,P. Gasol
Nolan Smith,Nolan,Smith,N. Smith
JJ Hickson,JJ,Hickson,J. Hickson
Jodie Meeks,Jodie,Meeks,J. Meeks
Nicolas Batum,Nicolas,Batum,N. Batum
Dwight Howard,Dwight,Howard,D. Howard
Dorell Wright,Dorell,Wright,D. Wright
Wilson Chandler,Wilson,Chandler,W. Chandler
Evan Turner,Evan,Turner,E. Turner
Jason Richardson,Jason,Richardson,J. Richardson
Jrue Holiday,Jrue,Holiday,J. Holiday
Corey Brewer,Corey,Brewer,C. Brewer
Andre Miller,Andre,Miller,A. Miller
Kenneth Faried,Kenneth,Faried,K. Faried
Nick Young,Nick,Young,N. Young
Andre Iguodala,Andre,Iguodala,A. Iguodala
Jordan Hamilton,Jordan,Hamilton,J. Hamilton
JaVale McGee,JaVale,McGee,J. McGee
Ty Lawson,Ty,Lawson,T. Lawson
Thaddeus Young,Thaddeus,Young,T. Young
Evan Fournier,Evan,Fournier,E. Fournier
Spencer Hawes,Spencer,Hawes,S. Hawes
Nazr Mohammed,Nazr,Mohammed,N. Mohammed
Jimmer Fredette,Jimmer,Fredette,J. Fredette
James Johnson,James,Johnson,J. Johnson
Kirk Hinrich,Kirk,Hinrich,K. Hinrich
Thomas Robinson,Thomas,Robinson,T. Robinson
Luol Deng,Luol,Deng,L. Deng
Aaron Brooks,Aaron,Brooks,A. Brooks
Bernard James,Bernard,James,B. James
Alec Burks,Alec,Burks,A. Burks
Jeremy Evans,Jeremy,Evans,J. Evans
Dominique Jones,Dominique,Jones,D. Jones
Jared Cunningham,Jared,Cunningham,J. Cunningham
Eddy Curry,Eddy,Curry,E. Curry
Jimmy Butler,Jimmy,Butler,J. Butler
Francisco Garcia,Francisco,Garcia,F. Garcia
Carlos Boozer,Carlos,Boozer,C. Boozer
Tyreke Evans,Tyreke,Evans,T. Evans
Jason Thompson,Jason,Thompson,J. Thompson
DeMarcus Cousins,DeMarcus,Cousins,D. Cousins
Joakim Noah,Joakim,Noah,J. Noah
Marco Belinelli,Marco,Belinelli,M. Belinelli
Chuck Hayes,Chuck,Hayes,C. Hayes
Richard Hamilton,Richard,Hamilton,R. Hamilton
Isaiah Thomas,Isaiah,Thomas,I. Thomas
Nate Robinson,Nate,Robinson,N. Robinson
Taj Gibson,Taj,Gibson,T. Gibson
Marcus Thornton,Marcus,Thornton,M. Thornton
Kosta Koufos,Kosta,Koufos,K. Koufos
Maalik Wayns,Maalik,Wayns,M. Wayns
Damien Wilkins,Damien,Wilkins,D. Wilkins
Lavoy Allen,Lavoy,Allen,L. Allen
Ian Mahinmi,Ian,Mahinmi,I. Mahinmi
D.J. Augustin,D.J.,Augustin,D. Augustin
Andrea Bargnani,Andrea,Bargnani,A. Bargnani
Gerald Green,Gerald,Green,G. Green
Amir Johnson,Amir,Johnson,A. Johnson
George Hill,George,Hill,G. Hill
DeMar DeRozan,DeMar,DeRozan,D. DeRozan
Tyler Hansbrough,Tyler,Hansbrough,T. Hansbrough
Jonas Valanciunas,Jonas,Valanciunas,J. Valanciunas
Roy Hibbert,Roy,Hibbert,R. Hibbert
Paul George,Paul,George,P. George
Ed Davis,Ed,Davis,E. Davis
Jose Calderon,Jose,Calderon,J. Calderon
Kyle Lowry,Kyle,Lowry,K. Lowry
David West,David,West,D. West
Lance Stephenson,Lance,Stephenson,L. Stephenson
Aaron Gray,Aaron,Gray,A. Gray
Andre Drummond,Andre,Drummond,A. Drummond
Daequan Cook,Daequan,Cook,D. Cook
Toney Douglas,Toney,Douglas,T. Douglas
Rodney Stuckey,Rodney,Stuckey,R. Stuckey
Jonas Jerebko,Jonas,Jerebko,J. Jerebko
Marcus Morris Sr.,Marcus,Sr.,M. Sr.
Jamal Crawford,Jamal,Crawford,J. Crawford
Eric Bledsoe,Eric,Bledsoe,E. Bledsoe
Marc Gasol,Marc,Gasol,M. Gasol
Rudy Gay,Rudy,Gay,R. Gay
Ryan Hollins,Ryan,Hollins,R. Hollins
Lamar Odom,Lamar,Odom,L. Odom
Marreese Speights,Marreese,Speights,M. Speights
Caron Butler,Caron,Butler,C. Butler
Wayne Ellington,Wayne,Ellington,W. Ellington
Blake Griffin,Blake,Griffin,B. Griffin
Chris Paul,Chris,Paul,C. Paul
Tony Allen,Tony,Allen,T. Allen
Zach Randolph,Zach,Randolph,Z. Randolph
Willie Green,Willie,Green,W. Green
Mike Conley,Mike,Conley,M. Conley
Jerryd Bayless,Jerryd,Bayless,J. Bayless
Ronny Turiaf,Ronny,Turiaf,R. Turiaf
Quincy Pondexter,Quincy,Pondexter,Q. Pondexter
DeAndre Jordan,DeAndre,Jordan,D. Jordan
Sam Young,Sam,Young,S. Young
Terrence Ross,Terrence,Ross,T. Ross
Alan Anderson,Alan,Anderson,A. Anderson
Landry Fields,Landry,Fields,L. Fields
John Lucas III,John,III,J. III
Kawhi Leonard,Kawhi,Leonard,K. Leonard
Tony Parker,Tony,Parker,T. Parker
Anthony Davis,Anthony,Davis,A. Davis
Greivis Vasquez,Greivis,Vasquez,G. Vasquez
Al-Farouq Aminu,Al-Farouq,Aminu,A. Aminu
Darius Miller,Darius,Miller,D. Miller
Tiago Splitter,Tiago,Splitter,T. Splitter
Tim Duncan,Tim,Duncan,T. Duncan
Boris Diaw,Boris,Diaw,B. Diaw
Carl Landry,Carl,Landry,C. Landry
Richard Jefferson,Richard,Jefferson,R. Jefferson
Draymond Green,Draymond,Green,D. Green
Jermaine O'Neal,Jermaine,O'Neal,J. O'Neal
David Lee,David,Lee,D. Lee
Stephen Curry,Stephen,Curry,S. Curry
Michael Beasley,Michael,Beasley,M. Beasley
Shannon Brown,Shannon,Brown,S. Brown
Goran Dragic,Goran,Dragic,G. Dragic
Sebastian Telfair,Sebastian,Telfair,S. Telfair
Jared Dudley,Jared,Dudley,J. Dudley
Klay Thompson,Klay,Thompson,K. Thompson
Markieff Morris,Markieff,Morris,M. Morris
Harrison Barnes,Harrison,Barnes,H. Barnes
Jarrett Jack,Jarrett,Jack,J. Jack
Brandon Knight,Brandon,Knight,B. Knight
Chandler Parsons,Chandler,Parsons,C. Parsons
Jeremy Lin,Jeremy,Lin,J. Lin
Tayshaun Prince,Tayshaun,Prince,T. Prince
Kim English,Kim,English,K. English
Greg Monroe,Greg,Monroe,G. Monroe
James Harden,James,Harden,J. Harden
Jason Maxiell,Jason,Maxiell,J. Maxiell
Will Bynum,Will,Bynum,W. Bynum
Kyle Singler,Kyle,Singler,K. Singler
Omer Asik,Omer,Asik,O. Asik
Carlos Delfino,Carlos,Delfino,C. Delfino
Greg Smith,Greg,Smith,G. Smith
Jason Smith,Jason,Smith,J. Smith
Patty Mills,Patty,Mills,P. Mills
Brian Roberts,Brian,Roberts,B. Roberts
Austin Rivers,Austin,Rivers,A. Rivers
Gary Neal,Gary,Neal,G. Neal
Ryan Anderson,Ryan,Anderson,R. Anderson
Stephen Jackson,Stephen,Jackson,S. Jackson
Matt Bonner,Matt,Bonner,M. Bonner
Danny Green,Danny,Green,D. Green
Robin Lopez,Robin,Lopez,R. Lopez
Roger Mason Jr.,Roger,Jr.,R. Jr.
Trevor Ariza,Trevor,Ariza,T. Ariza
Jannero Pargo,Jannero,Pargo,J. Pargo
Jordan Crawford,Jordan,Crawford,J. Crawford
Chris Singleton,Chris,Singleton,C. Singleton
Bradley Beal,Bradley,Beal,B. Beal
Alonzo Gee,Alonzo,Gee,A. Gee
Trevor Booker,Trevor,Booker,T. Booker
CJ Miles,CJ,Miles,C. Miles
AJ Price,AJ,Price,A. Price
Jan Vesely,Jan,Vesely,J. Vesely
Rashard Lewis,Rashard,Lewis,R. Lewis
Leandro Barbosa,Leandro,Barbosa,L. Barbosa
Ray Allen,Ray,Allen,R. Allen
Rajon Rondo,Rajon,Rondo,R. Rondo
LeBron James,LeBron,James,L. James
Brandon Bass,Brandon,Bass,B. Bass
Chris Bosh,Chris,Bosh,C. Bosh
Kevin Garnett,Kevin,Garnett,K. Garnett
Norris Cole,Norris,Cole,N. Cole
Jared Sullinger,Jared,Sullinger,J. Sullinger
Shane Battier,Shane,Battier,S. Battier
Dwyane Wade,Dwyane,Wade,D. Wade
Mario Chalmers,Mario,Chalmers,M. Chalmers
Paul Pierce,Paul,Pierce,P. Pierce
Jason Terry,Jason,Terry,J. Terry
Mike Miller,Mike,Miller,M. Miller
Udonis Haslem,Udonis,Haslem,U. Haslem
Jeff Green,Jeff,Green,J. Green
Courtney Lee,Courtney,Lee,C. Lee
Martell Webster,Martell,Webster,M. Webster
Earl Barron,Earl,Barron,E. Barron
Tristan Thompson,Tristan,Thompson,T. Thompson
Daniel Gibson,Daniel,Gibson,D. Gibson
Kyrie Irving,Kyrie,Irving,K. Irving
Luke Walton,Luke,Walton,L. Walton
Tyler Zeller,Tyler,Zeller,T. Zeller
Anderson Varejao,Anderson,Varejao,A. Varejao
Dion Waiters,Dion,Waiters,D. Waiters
Donald Sloan,Donald,Sloan,D. Sloan
Emeka Okafor,Emeka,Okafor,E. Okafor
Deron Williams,Deron,Williams,D. Williams
Reggie Evans,Reggie,Evans,R. Evans
C.J. Watson,C.J.,Watson,C. Watson
Kyle O'Quinn,Kyle,O'Quinn,K. O'Quinn
Maurice Harkless,Maurice,Harkless,M. Harkless
DeQuan Jones,DeQuan,Jones,D. Jones
Glen Davis,Glen,Davis,G. Davis
E'Twaun Moore,E'Twaun,Moore,E. Moore
Andrew Nicholson,Andrew,Nicholson,A. Nicholson
Joe Johnson,Joe,Johnson,J. Johnson
Gustavo Ayon,Gustavo,Ayon,G. Ayon
Gerald Wallace,Gerald,Wallace,G. Wallace
Kurt Thomas,Kurt,Thomas,K. Thomas
Cartier Martin,Cartier,Martin,C. Martin
James White,James,White,J. White
Raymond Felton,Raymond,Felton,R. Felton
Kevin Seraphin,Kevin,Seraphin,K. Seraphin
Carmelo Anthony,Carmelo,Anthony,C. Anthony
Shaun Livingston,Shaun,Livingston,S. Livingston
Steve Novak,Steve,Novak,S. Novak
Nene,Nene,Nene,N. Nene
Rasheed Wallace,Rasheed,Wallace,R. Wallace
Chris Copeland,Chris,Copeland,C. Copeland
Mickael Pietrus,Mickael,Pietrus,M. Pietrus
Linas Kleiza,Linas,Kleiza,L. Kleiza
Josh McRoberts,Josh,McRoberts,J. McRoberts
Tyshawn Taylor,Tyshawn,Taylor,T. Taylor
JJ Redick,JJ,Redick,J. Redick
Keith Bogans,Keith,Bogans,K. Bogans
Josh Childress,Josh,Childress,J. Childress
Arron Afflalo,Arron,Afflalo,A. Afflalo
MarShon Brooks,MarShon,Brooks,M. Brooks
Mirza Teletovic,Mirza,Teletovic,M. Teletovic
Ish Smith,Ish,Smith,I. Smith
Kris Humphries,Kris,Humphries,K. Humphries
Nikola Vucevic,Nikola,Vucevic,N. Vucevic
Andray Blatche,Andray,Blatche,A. Blatche
Samuel Dalembert,Samuel,Dalembert,S. Dalembert
Monta Ellis,Monta,Ellis,M. Ellis
Josh Howard,Josh,Howard,J. Howard
Nikola Pekovic,Nikola,Pekovic,N. Pekovic
Doron Lamb,Doron,Lamb,D. Lamb
Luke Ridnour,Luke,Ridnour,L. Ridnour
Derrick Williams,Derrick,Williams,D. Williams
Ekpe Udoh,Ekpe,Udoh,E. Udoh
Alexey Shved,Alexey,Shved,A. Shved
John Henson,John,Henson,J. Henson
J.J. Barea,J.J.,Barea,J. Barea
Darius Morris,Darius,Morris,D. Morris
Danilo Gallinari,Danilo,Gallinari,D. Gallinari
Timofey Mozgov,Timofey,Mozgov,T. Mozgov
Tyson Chandler,Tyson,Chandler,T. Chandler
Ronnie Brewer,Ronnie,Brewer,R. Brewer
JR Smith,JR,Smith,J. Smith
Pablo Prigioni,Pablo,Prigioni,P. Prigioni
Corey Maggette,Corey,Maggette,C. Maggette
Charlie Villanueva,Charlie,Villanueva,C. Villanueva
Darrell Arthur,Darrell,Arthur,D. Arthur
Larry Sanders,Larry,Sanders,L. Sanders
Greg Stiemsma,Greg,Stiemsma,G. Stiemsma
Joel Przybilla,Joel,Przybilla,J. Przybilla
Tobias Harris,Tobias,Harris,T. Harris
Dante Cunningham,Dante,Cunningham,D. Cunningham
Mike Dunleavy,Mike,Dunleavy,M. Dunleavy
Beno Udrih,Beno,Udrih,B. Udrih
Kevin Love,Kevin,Love,K. Love
Brandon Jennings,Brandon,Jennings,B. Jennings
Samardo Samuels,Samardo,Samuels,S. Samuels
Zaza Pachulia,Zaza,Pachulia,Z. Pachulia
Jeff Teague,Jeff,Teague,J. Teague
Josh Smith,Josh,Smith,J. Smith
Lou Williams,Lou,Williams,L. Williams
Al Horford,Al,Horford,A. Horford
Devin Harris,Devin,Harris,D. Harris
Omri Casspi,Omri,Casspi,O. Casspi
DeShawn Stevenson,DeShawn,Stevenson,D. Stevenson
Anthony Morrow,Anthony,Morrow,A. Morrow
Ivan Johnson,Ivan,Johnson,I. Johnson
Serge Ibaka,Serge,Ibaka,S. Ibaka
Eric Maynor,Eric,Maynor,E. Maynor
Perry Jones III,Perry,III,P. III
Hasheem Thabeet,Hasheem,Thabeet,H. Thabeet
Earl Watson,Earl,Watson,E. Watson
Russell Westbrook,Russell,Westbrook,R. Westbrook
Ben Gordon,Ben,Gordon,B. Gordon
Jeffery Taylor,Jeffery,Taylor,J. Taylor
Bismack Biyombo,Bismack,Biyombo,B. Biyombo
Kris Joseph,Kris,Joseph,K. Joseph
Jason Collins,Jason,Collins,J. Collins
Will Barton,Will,Barton,W. Barton
Chris Wilcox,Chris,Wilcox,C. Wilcox
Luke Babbitt,Luke,Babbitt,L. Babbitt
Joel Freeland,Joel,Freeland,J. Freeland
Jeremy Pargo,Jeremy,Pargo,J. Pargo
John Salmons,John,Salmons,J. Salmons
Michael Kidd-Gilchrist,Michael,Kidd-Gilchrist,M. Kidd-Gilchrist
Kemba Walker,Kemba,Walker,K. Walker
Brendan Haywood,Brendan,Haywood,B. Haywood
Ramon Sessions,Ramon,Sessions,R. Sessions
Byron Mullens,Byron,Mullens,B. Mullens
Kwame Brown,Kwame,Brown,K. Brown
DeSagana Diop,DeSagana,Diop,D. Diop
Nick Collison,Nick,Collison,N. Collison
Thabo Sefolosha,Thabo,Sefolosha,T. Sefolosha
Kevin Martin,Kevin,Martin,K. Martin
Kevin Durant,Kevin,Durant,K. Durant
Kendrick Perkins,Kendrick,Perkins,K. Perkins
Nando De Colo,Nando,Colo,N. Colo
DeJuan Blair,DeJuan,Blair,D. Blair
Cory Joseph,Cory,Joseph,C. Joseph
Joel Anthony,Joel,Anthony,J. Anthony
James Anderson,James,Anderson,J. Anderson
Andris Biedrins,Andris,Biedrins,A. Biedrins
Anthony Randolph,Anthony,Randolph,A. Randolph
Charles Jenkins,Charles,Jenkins,C. Jenkins
Hamed Haddadi,Hamed,Haddadi,H. Haddadi
Jeremy Lamb,Jeremy,Lamb,J. Lamb
Dominic McGuire,Dominic,McGuire,D. McGuire
Marquis Teague,Marquis,Teague,M. Teague
Vladimir Radmanovic,Vladimir,Radmanovic,V. Radmanovic
Josh Selby,Josh,Selby,J. Selby
Quincy Acy,Quincy,Acy,Q. Acy
Troy Murphy,Troy,Murphy,T. Murphy
Chris Kaman,Chris,Kaman,C. Kaman
Lance Thomas,Lance,Thomas,L. Thomas
Matt Barnes,Matt,Barnes,M. Barnes
Malcolm Lee,Malcolm,Lee,M. Lee
Chauncey Billups,Chauncey,Billups,C. Billups
Donatas Motiejunas,Donatas,Motiejunas,D. Motiejunas
Reggie Jackson,Reggie,Jackson,R. Jackson
Terrence Jones,Terrence,Jones,T. Jones
Scott Machado,Scott,Machado,S. Machado
Patrick Patterson,Patrick,Patterson,P. Patterson
Kendall Marshall,Kendall,Marshall,K. Marshall
Luke Zeller,Luke,Zeller,L. Zeller
Wesley Johnson,Wesley,Johnson,W. Johnson
Austin Daye,Austin,Daye,A. Daye
Marquis Daniels,Marquis,Daniels,M. Daniels
Ersan Ilyasova,Ersan,Ilyasova,E. Ilyasova
Ronnie Price,Ronnie,Price,R. Price
Jerry Stackhouse,Jerry,Stackhouse,J. Stackhouse
Brook Lopez,Brook,Lopez,B. Lopez
Manu Ginobili,Manu,Ginobili,M. Ginobili
Reggie Williams,Reggie,Williams,R. Williams
Kyle Korver,Kyle,Korver,K. Korver
Jameer Nelson,Jameer,Nelson,J. Nelson
Jon Leuer,Jon,Leuer,J. Leuer
Andrei Kirilenko,Andrei,Kirilenko,A. Kirilenko
Marcus Camby,Marcus,Camby,M. Camby
Hakim Warrick,Hakim,Warrick,H. Warrick
Cory Higgins,Cory,Higgins,C. Higgins
Arnett Moultrie,Arnett,Moultrie,A. Moultrie
Jason Kidd,Jason,Kidd,J. Kidd
Xavier Henry,Xavier,Henry,X. Henry
Earl Clark,Earl,Clark,E. Clark
Darius Johnson-Odom,Darius,Johnson-Odom,D. Johnson-Odom
Mike Scott,Mike,Scott,M. Scott
John Jenkins,John,Jenkins,J. Jenkins
Johan Petro,Johan,Petro,J. Petro
Kent Bazemore,Kent,Bazemore,K. Bazemore
Jeremy Tyler,Jeremy,Tyler,J. Tyler
Lou Amundson,Lou,Amundson,L. Amundson
Royal Ivey,Royal,Ivey,R. Ivey
Tornike Shengelia,Tornike,Shengelia,T. Shengelia
Victor Claver,Victor,Claver,V. Claver
Anthony Tolliver,Anthony,Tolliver,A. Tolliver
Cole Aldrich,Cole,Aldrich,C. Aldrich
Miles Plumlee,Miles,Plumlee,M. Plumlee
DeAndre Liggins,DeAndre,Liggins,D. Liggins
Ben Hansbrough,Ben,Hansbrough,B. Hansbrough
Jeff Ayres,Jeff,Ayres,J. Ayres
Khris Middleton,Khris,Middleton,K. Middleton
Tyrus Thomas,Tyrus,Thomas,T. Thomas
Tony Wroten,Tony,Wroten,T. Wroten
Orlando Johnson,Orlando,Johnson,O. Johnson
Will Conroy,Will,Conroy,W. Conroy
Terrel Harris,Terrel,Harris,T. Harris
James Jones,James,Jones,J. Jones
Daniel Orton,Daniel,Orton,D. Orton
Josh Harrellson,Josh,Harrellson,J. Harrellson
Travis Outlaw,Travis,Outlaw,T. Outlaw
Chase Budinger,Chase,Budinger,C. Budinger
Brandon Roy,Brandon,Roy,B. Roy
Diante Garrett,Diante,Garrett,D. Garrett
Matt Carroll,Matt,Carroll,M. Carroll
Gerald Henderson,Gerald,Henderson,G. Henderson
Darko Milicic,Darko,Milicic,D. Milicic
Hedo Turkoglu,Hedo,Turkoglu,H. Turkoglu
Jeff Adrien,Jeff,Adrien,J. Adrien
Jarvis Varnado,Jarvis,Varnado,J. Varnado
Dirk Nowitzki,Dirk,Nowitzki,D. Nowitzki
Drew Gooden,Drew,Gooden,D. Gooden
Chris Douglas-Roberts,Chris,Douglas-Roberts,C. Douglas-Roberts
Luc Mbah a Moute,Luc,Moute,L. Moute
Tyler Honeycutt,Tyler,Honeycutt,T. Honeycutt
Garrett Temple,Garrett,Temple,G. Temple
Shelvin Mack,Shelvin,Mack,S. Mack
Eric Gordon,Eric,Gordon,E. Gordon
Kevin Jones,Kevin,Jones,K. Jones
Ricky Rubio,Ricky,Rubio,R. Rubio
Quincy Miller,Quincy,Miller,Q. Miller
Dexter Pittman,Dexter,Pittman,D. Pittman
Viacheslav Kravtsov,Viacheslav,Kravtsov,V. Kravtsov
Derek Fisher,Derek,Fisher,D. Fisher
Chris Johnson,Chris,Johnson,C. Johnson
Mike James,Mike,James,M. James
Aron Baynes,Aron,Baynes,A. Baynes
John Wall,John,Wall,J. Wall
Avery Bradley,Avery,Bradley,A. Bradley
Grant Hill,Grant,Hill,G. Hill
Mickael Gelabale,Mickael,Gelabale,M. Gelabale
Amar'e Stoudemire,Amar'e,Stoudemire,A. Stoudemire
Chris Andersen,Chris,Andersen,C. Andersen
Iman Shumpert,Iman,Shumpert,I. Shumpert
Patrick Beverley,Patrick,Beverley,P. Beverley
Damion James,Damion,James,D. James
Julyan Stone,Julyan,Stone,J. Stone
Lazar Hayward,Lazar,Hayward,L. Hayward
Danny Granger,Danny,Granger,D. Granger
Al Harrington,Al,Harrington,A. Harrington
Kenyon Martin,Kenyon,Martin,K. Martin
Terrence Williams,Terrence,Williams,T. Williams
Fab Melo,Fab,Melo,F. Melo
DJ White,DJ,White,D. White
Shavlik Randolph,Shavlik,Randolph,S. Randolph
Tim Ohlbrecht,Tim,Ohlbrecht,T. Ohlbrecht
Chris Quinn,Chris,Quinn,C. Quinn
Juwan Howard,Juwan,Howard,J. Howard
Justin Dentmon,Justin,Dentmon,J. Dentmon
Malcolm Thomas,Malcolm,Thomas,M. Thomas
Chris Wright,Chris,Wright,C. Wright
DaJuan Summers,DaJuan,Summers,D. Summers
Henry Sims,Henry,Sims,H. Sims
Keyon Dooling,Keyon,Dooling,K. Dooling
Justin Holiday,Justin,Holiday,J. Holiday
Andrew Goudelock,Andrew,Goudelock,A. Goudelock
Josh Akognon,Josh,Akognon,J. Akognon
Quentin Richardson,Quentin,Richardson,Q. Richardson
Solomon Jones,Solomon,Jones,S. Jones
Nemanja Nedovic,Nemanja,Nedovic,N. Nedovic
Reggie Bullock,Reggie,Bullock,R. Bullock
Ognjen Kuzmic,Ognjen,Kuzmic,O. Kuzmic
Tim Hardaway Jr.,Tim,Jr.,T. Jr.
Derrick Rose,Derrick,Rose,D. Rose
Andrew Bynum,Andrew,Bynum,A. Bynum
Anthony Bennett,Anthony,Bennett,A. Bennett
Mike Harris,Mike,Harris,M. Harris
Ben McLemore,Ben,McLemore,B. McLemore
Phil Pressey,Phil,Pressey,P. Pressey
Steven Adams,Steven,Adams,S. Adams
Rudy Gobert,Rudy,Gobert,R. Gobert
Victor Oladipo,Victor,Oladipo,V. Oladipo
Dennis Schroder,Dennis,Schroder,D. Schroder
Gal Mekel,Gal,Mekel,G. Mekel
Pero Antic,Pero,Antic,P. Antic
Giannis Antetokounmpo,Giannis,Antetokounmpo,G. Antetokounmpo
Vitor Faverani,Vitor,Faverani,V. Faverani
Kelly Olynyk,Kelly,Olynyk,K. Olynyk
Nate Wolters,Nate,Wolters,N. Wolters
Cody Zeller,Cody,Zeller,C. Zeller
Arinze Onuaku,Arinze,Onuaku,A. Onuaku
Michael Carter-Williams,Michael,Carter-Williams,M. Carter-Williams
Kentavious Caldwell-Pope,Kentavious,Caldwell-Pope,K. Caldwell-Pope
Peyton Siva,Peyton,Siva,P. Siva
Tony Mitchell,Tony,Mitchell,T. Mitchell
Gigi Datome,Gigi,Datome,G. Datome
Shawne Williams,Shawne,Williams,S. Williams
Channing Frye,Channing,Frye,C. Frye
Jordan Farmar,Jordan,Farmar,J. Farmar
Elias Harris,Elias,Harris,E. Harris
Nick Calathes,Nick,Calathes,N. Calathes
Archie Goodwin,Archie,Goodwin,A. Goodwin
Alex Len,Alex,Len,A. Len
Solomon Hill,Solomon,Hill,S. Hill
Rasual Butler,Rasual,Butler,R. Butler
Tony Snell,Tony,Snell,T. Snell
Shane Larkin,Shane,Larkin,S. Larkin
Gorgui Dieng,Gorgui,Dieng,G. Dieng
Matthew Dellavedova,Matthew,Dellavedova,M. Dellavedova
Trey Burke,Trey,Burke,T. Burke
Dionte Christmas,Dionte,Christmas,D. Christmas
Mason Plumlee,Mason,Plumlee,M. Plumlee
Dwight Buycks,Dwight,Buycks,D. Buycks
Brandon Davies,Brandon,Davies,B. Davies
Lorenzo Brown,Lorenzo,Brown,L. Brown
Elliot Williams,Elliot,Williams,E. Williams
Hollis Thompson,Hollis,Thompson,H. Thompson
Glen Rice,Glen,Rice,G. Rice
Carrick Felix,Carrick,Felix,C. Felix
Sergey Karasev,Sergey,Karasev,S. Karasev
Hamady Ndiaye,Hamady,Ndiaye,H. Ndiaye
James Southerland,James,Southerland,J. Southerland
Miroslav Raduljica,Miroslav,Raduljica,M. Raduljica
Robbie Hummel,Robbie,Hummel,R. Hummel
Shabazz Muhammad,Shabazz,Muhammad,S. Muhammad
Erik Murphy,Erik,Murphy,E. Murphy
Allen Crabbe,Allen,Crabbe,A. Crabbe
Ricky Ledo,Ricky,Ledo,R. Ledo
Jeff Withey,Jeff,Withey,J. Withey
Ian Clark,Ian,Clark,I. Clark
Andre Roberson,Andre,Roberson,A. Roberson
Ryan Gomes,Ryan,Gomes,R. Gomes
Toure' Murry,Toure',Murry,T. Murry
Dewayne Dedmon,Dewayne,Dedmon,D. Dedmon
Jamaal Franklin,Jamaal,Franklin,J. Franklin
Ryan Kelly,Ryan,Kelly,R. Kelly
Otto Porter Jr.,Otto,Jr.,O. Jr.
Alexis Ajinca,Alexis,Ajinca,A. Ajinca
Isaiah Canaan,Isaiah,Canaan,I. Canaan
Chris Smith,Chris,Smith,C. Smith
Hilton Armstrong,Hilton,Armstrong,H. Armstrong
Ray McCallum,Ray,McCallum,R. McCallum
James Nunnally,James,Nunnally,J. Nunnally
Manny Harris,Manny,Harris,M. Harris
Othyus Jeffers,Othyus,Jeffers,O. Jeffers
Vander Blue,Vander,Blue,V. Blue
CJ McCollum,CJ,McCollum,C. McCollum
Greg Oden,Greg,Oden,G. Oden
Robert Covington,Robert,Covington,R. Covington
Seth Curry,Seth,Curry,S. Curry
Sasha Vujacic,Sasha,Vujacic,S. Vujacic
Mike Muscala,Mike,Muscala,M. Muscala
Casper Ware,Casper,Ware,C. Ware
Chris Babb,Chris,Babb,C. Babb
Jorge Gutierrez,Jorge,Gutierrez,J. Gutierrez
Justin Hamilton,Justin,Hamilton,J. Hamilton
DJ Stephens,DJ,Stephens,D. Stephens
Royce White,Royce,White,R. White
Mustafa Shakur,Mustafa,Shakur,M. Shakur
Shane Edwards,Shane,Edwards,S. Edwards
Adonis Thomas,Adonis,Thomas,A. Thomas
Troy Daniels,Troy,Daniels,T. Daniels
Josh Powell,Josh,Powell,J. Powell
Melvin Ely,Melvin,Ely,M. Ely
Scotty Hopson,Scotty,Hopson,S. Hopson
Nik Stauskas,Nik,Stauskas,N. Stauskas
Nerlens Noel,Nerlens,Noel,N. Noel
Jabari Parker,Jabari,Parker,J. Parker
JaKarr Sampson,JaKarr,Sampson,J. Sampson
KJ McDaniels,KJ,McDaniels,K. McDaniels
Nikola Mirotic,Nikola,Mirotic,N. Mirotic
Joe Harris,Joe,Harris,J. Harris
Doug McDermott,Doug,McDermott,D. McDermott
Damjan Rudez,Damjan,Rudez,D. Rudez
Jordan Clarkson,Jordan,Clarkson,J. Clarkson
Joe Ingles,Joe,Ingles,J. Ingles
Zach LaVine,Zach,LaVine,Z. LaVine
Andrew Wiggins,Andrew,Wiggins,A. Wiggins
Rodney Hood,Rodney,Hood,R. Hood
Dante Exum,Dante,Exum,D. Exum
Elfrid Payton,Elfrid,Payton,E. Payton
Aaron Gordon,Aaron,Gordon,A. Gordon
Devyn Marble,Devyn,Marble,D. Marble
Travis Wear,Travis,Wear,T. Wear
Tarik Black,Tarik,Black,T. Black
Kostas Papanikolaou,Kostas,Papanikolaou,K. Papanikolaou
Cameron Bairstow,Cameron,Bairstow,C. Bairstow
Cleanthony Early,Cleanthony,Early,C. Early
Jerome Jordan,Jerome,Jordan,J. Jordan
Marcus Smart,Marcus,Smart,M. Smart
Bojan Bogdanovic,Bojan,Bogdanovic,B. Bogdanovic
Jusuf Nurkic,Jusuf,Nurkic,J. Nurkic
Tyler Ennis,Tyler,Ennis,T. Ennis
James Ennis III,James,III,J. III
Shabazz Napier,Shabazz,Napier,S. Napier
Spencer Dinwiddie,Spencer,Dinwiddie,S. Dinwiddie
Cory Jefferson,Cory,Jefferson,C. Jefferson
Julius Randle,Julius,Randle,J. Randle
Dwight Powell,Dwight,Powell,D. Powell
Kyle Anderson,Kyle,Anderson,K. Anderson
James Young,James,Young,J. Young
Eric Moreland,Eric,Moreland,E. Moreland
Jarnell Stokes,Jarnell,Stokes,J. Stokes
Joey Dorsey,Joey,Dorsey,J. Dorsey
Jerami Grant,Jerami,Grant,J. Grant
Shayne Whittington,Shayne,Whittington,S. Whittington
Alex Kirk,Alex,Kirk,A. Kirk
PJ Hairston,PJ,Hairston,P. Hairston
Noah Vonleh,Noah,Vonleh,N. Vonleh
Will Cherry,Will,Cherry,W. Cherry
Nick Johnson,Nick,Johnson,N. Johnson
Gary Harris,Gary,Harris,G. Harris
Russ Smith,Russ,Smith,R. Smith
T.J. Warren,T.J.,Warren,T. Warren
Erick Green,Erick,Green,E. Green
Grant Jerrett,Grant,Jerrett,G. Jerrett
Drew Gordon,Drew,Gordon,D. Gordon
Glenn Robinson III,Glenn,III,G. III
Markel Brown,Markel,Brown,M. Brown
Jordan Adams,Jordan,Adams,J. Adams
Bruno Caboclo,Bruno,Caboclo,B. Caboclo
Lucas Nogueira,Lucas,Nogueira,L. Nogueira
Kalin Lucas,Kalin,Lucas,K. Lucas
Andre Dawkins,Andre,Dawkins,A. Dawkins
Zoran Dragic,Zoran,Dragic,Z. Dragic
Clint Capela,Clint,Capela,C. Capela
Johnny O'Bryant III,Johnny,III,J. III
Hassan Whiteside,Hassan,Whiteside,H. Whiteside
Patrick Christopher,Patrick,Christopher,P. Christopher
Furkan Aldemir,Furkan,Aldemir,F. Aldemir
Adreian Payne,Adreian,Payne,A. Payne
Mitch McGary,Mitch,McGary,M. McGary
C.J. Wilcox,C.J.,Wilcox,C. Wilcox
Larry Drew II,Larry,II,L. II
Tyler Johnson,Tyler,Johnson,T. Johnson
Elijah Millsap,Elijah,Millsap,E. Millsap
Langston Galloway,Langston,Galloway,L. Galloway
James Michael McAdoo,James,McAdoo,J. McAdoo
JaMychal Green,JaMychal,Green,J. Green
Henry Walker,Henry,Walker,H. Walker
Jack Cooley,Jack,Cooley,J. Cooley
Bryce Cotton,Bryce,Cotton,B. Cotton
Joffrey Lauvergne,Joffrey,Lauvergne,J. Lauvergne
Tim Frazier,Tim,Frazier,T. Frazier
David Stockton,David,Stockton,D. Stockton
David Wear,David,Wear,D. Wear
Jabari Brown,Jabari,Brown,J. Brown
Lester Hudson,Lester,Hudson,L. Hudson
Sean Kilpatrick,Sean,Kilpatrick,S. Kilpatrick
Jerrelle Benimon,Jerrelle,Benimon,J. Benimon
Jerel McNeal,Jerel,McNeal,J. McNeal
Sim Bhullar,Sim,Bhullar,S. Bhullar
Willie Cauley-Stein,Willie,Cauley-Stein,W. Cauley-Stein
Joe Young,Joe,Young,J. Young
Myles Turner,Myles,Turner,M. Turner
Sonny Weems,Sonny,Weems,S. Weems
Kristaps Porzingis,Kristaps,Porzingis,K. Porzingis
Jerian Grant,Jerian,Grant,J. Grant
Rondae Hollis-Jefferson,Rondae,Hollis-Jefferson,R. Hollis-Jefferson
Raul Neto,Raul,Neto,R. Neto
Trey Lyles,Trey,Lyles,T. Lyles
Boban Marjanovic,Boban,Marjanovic,B. Marjanovic
Mario Hezonja,Mario,Hezonja,M. Hezonja
Nikola Jokic,Nikola,Jokic,N. Jokic
Emmanuel Mudiay,Emmanuel,Mudiay,E. Mudiay
Tibor Pleiss,Tibor,Pleiss,T. Pleiss
Christian Wood,Christian,Wood,C. Wood
Richaun Holmes,Richaun,Holmes,R. Holmes
T.J. McConnell,T.J.,McConnell,T. McConnell
Jahlil Okafor,Jahlil,Okafor,J. Okafor
Sam Dekker,Sam,Dekker,S. Dekker
Montrezl Harrell,Montrezl,Harrell,M. Harrell
Nemanja Bjelica,Nemanja,Bjelica,N. Bjelica
Karl-Anthony Towns,Karl-Anthony,Towns,K. Towns
Lamar Patterson,Lamar,Patterson,L. Patterson
D'Angelo Russell,D'Angelo,Russell,D. Russell
Anthony Brown,Anthony,Brown,A. Brown
Stanley Johnson,Stanley,Johnson,S. Johnson
Frank Kaminsky,Frank,Kaminsky,F. Kaminsky
Kelly Oubre Jr.,Kelly,Jr.,K. Jr.
Damien Inglis,Damien,Inglis,D. Inglis
Marcelo Huertas,Marcelo,Huertas,M. Huertas
Sasha Kaun,Sasha,Kaun,S. Kaun
Justise Winslow,Justise,Winslow,J. Winslow
Devin Booker,Devin,Booker,D. Booker
Luis Montero,Luis,Montero,L. Montero
Pat Connaughton,Pat,Connaughton,P. Connaughton
Edy Tavares,Edy,Tavares,E. Tavares
Salah Mejri,Salah,Mejri,S. Mejri
Justin Anderson,Justin,Anderson,J. Anderson
Jordan Mickey,Jordan,Mickey,J. Mickey
Terry Rozier,Terry,Rozier,T. Rozier
Rashad Vaughn,Rashad,Vaughn,R. Vaughn
Cliff Alexander,Cliff,Alexander,C. Alexander
Larry Nance Jr.,Larry,Jr.,L. Jr.
RJ Hunter,RJ,Hunter,R. Hunter
Jonathon Simmons,Jonathon,Simmons,J. Simmons
Josh Richardson,Josh,Richardson,J. Richardson
Bobby Portis,Bobby,Portis,B. Portis
Cristiano Felicio,Cristiano,Felicio,C. Felicio
Darrun Hilliard,Darrun,Hilliard,D. Hilliard
Cameron Payne,Cameron,Payne,C. Payne
Aaron Harrison,Aaron,Harrison,A. Harrison
Norman Powell,Norman,Powell,N. Powell
Delon Wright,Delon,Wright,D. Wright
Tyus Jones,Tyus,Jones,T. Jones
Jarell Eddie,Jarell,Eddie,J. Eddie
Willie Reed,Willie,Reed,W. Reed
Branden Dawson,Branden,Dawson,B. Dawson
Jarell Martin,Jarell,Martin,J. Martin
Thanasis Antetokounmpo,Thanasis,Antetokounmpo,T. Antetokounmpo
Jordan McRae,Jordan,McRae,J. McRae
Bryce Dejean-Jones,Bryce,Dejean-Jones,B. Dejean-Jones
Keith Appling,Keith,Appling,K. Appling
Kevon Looney,Kevon,Looney,K. Looney
JJ O'Brien,JJ,O'Brien,J. O'Brien
Chris McCullough,Chris,McCullough,C. McCullough
Justin Harper,Justin,Harper,J. Harper
Alex Stepheson,Alex,Stepheson,A. Stepheson
Axel Toupane,Axel,Toupane,A. Toupane
Xavier Munford,Xavier,Munford,X. Munford
Josh Huestis,Josh,Huestis,J. Huestis
Alan Williams,Alan,Williams,A. Williams
Briante Weber,Briante,Weber,B. Weber
Coty Clarke,Coty,Clarke,C. Clarke
Rakeem Christmas,Rakeem,Christmas,R. Christmas
Duje Dukan,Duje,Dukan,D. Dukan
Dragan Bender,Dragan,Bender,D. Bender
Diamond Stone,Diamond,Stone,D. Stone
Tyler Ulis,Tyler,Ulis,T. Ulis
Paul Zipser,Paul,Zipser,P. Zipser
Isaiah Whitehead,Isaiah,Whitehead,I. Whitehead
Denzel Valentine,Denzel,Valentine,D. Valentine
Malcolm Delaney,Malcolm,Delaney,M. Delaney
Marquese Chriss,Marquese,Chriss,M. Chriss
Jakob Poeltl,Jakob,Poeltl,J. Poeltl
Jamal Murray,Jamal,Murray,J. Murray
Pascal Siakam,Pascal,Siakam,P. Siakam
Andrew Harrison,Andrew,Harrison,A. Harrison
Troy Williams,Troy,Williams,T. Williams
Deyonta Davis,Deyonta,Davis,D. Davis
Tomas Satoransky,Tomas,Satoransky,T. Satoransky
Sheldon Mac,Sheldon,Mac,S. Mac
Wade Baldwin IV,Wade,IV,W. IV
Joel Bolomboy,Joel,Bolomboy,J. Bolomboy
Davis Bertans,Davis,Bertans,D. Bertans
Nicolas Laprovittola,Nicolas,Laprovittola,N. Laprovittola
Rodney McGruder,Rodney,McGruder,R. McGruder
Malcolm Brogdon,Malcolm,Brogdon,M. Brogdon
Alex Abrines,Alex,Abrines,A. Abrines
Domantas Sabonis,Domantas,Sabonis,D. Sabonis
Thon Maker,Thon,Maker,T. Maker
Brandon Ingram,Brandon,Ingram,B. Ingram
Semaj Christon,Semaj,Christon,S. Christon
Willy Hernangomez,Willy,Hernangomez,W. Hernangomez
Timothe Luwawu-Cabarrot,Timothe,Luwawu-Cabarrot,T. Luwawu-Cabarrot
Dario Saric,Dario,Saric,D. Saric
DeAndre' Bembry,DeAndre',Bembry,D. Bembry
Taurean Prince,Taurean,Prince,T. Prince
Sergio Rodriguez,Sergio,Rodriguez,S. Rodriguez
Joel Embiid,Joel,Embiid,J. Embiid
Bryn Forbes,Bryn,Forbes,B. Forbes
Buddy Hield,Buddy,Hield,B. Hield
Dejounte Murray,Dejounte,Murray,D. Murray
Cheick Diallo,Cheick,Diallo,C. Diallo
Georges Niang,Georges,Niang,G. Niang
Kris Dunn,Kris,Dunn,K. Dunn
Kay Felder,Kay,Felder,K. Felder
Jaylen Brown,Jaylen,Brown,J. Brown
Patrick McCaw,Patrick,McCaw,P. McCaw
Henry Ellenson,Henry,Ellenson,H. Ellenson
Stephen Zimmerman,Stephen,Zimmerman,S. Zimmerman
Michael Gbinije,Michael,Gbinije,M. Gbinije
Kyle Wiltjer,Kyle,Wiltjer,K. Wiltjer
AJ Hammons,AJ,Hammons,A. Hammons
Dorian Finney-Smith,Dorian,Finney-Smith,D. Finney-Smith
Nicolas Brussino,Nicolas,Brussino,N. Brussino
Bobby Brown,Bobby,Brown,B. Brown
Daniel Ochefu,Daniel,Ochefu,D. Ochefu
Juancho Hernangomez,Juancho,Hernangomez,J. Hernangomez
Malachi Richardson,Malachi,Richardson,M. Richardson
Ron Baker,Ron,Baker,R. Baker
Mindaugas Kuzminskas,Mindaugas,Kuzminskas,M. Kuzminskas
Jake Layman,Jake,Layman,J. Layman
Marshall Plumlee,Marshall,Plumlee,M. Plumlee
Tim Quarterman,Tim,Quarterman,T. Quarterman
Maurice Ndour,Maurice,Ndour,M. Ndour
Jonathan Gibson,Jonathan,Gibson,J. Gibson
Fred VanVleet,Fred,VanVleet,F. VanVleet
Treveon Graham,Treveon,Graham,T. Graham
Yogi Ferrell,Yogi,Ferrell,Y. Ferrell
Malik Beasley,Malik,Beasley,M. Beasley
Derrick Jones Jr.,Derrick,Jr.,D. Jr.
Demetrius Jackson,Demetrius,Jackson,D. Jackson
Ivica Zubac,Ivica,Zubac,I. Zubac
Danuel House Jr.,Danuel,Jr.,D. Jr.
Georgios Papagiannis,Georgios,Papagiannis,G. Papagiannis
Skal Labissiere,Skal,Labissiere,S. Labissiere
Caris LeVert,Caris,LeVert,C. LeVert
Pierre Jackson,Pierre,Jackson,P. Jackson
Chinanu Onuaku,Chinanu,Onuaku,C. Onuaku
Damian Jones,Damian,Jones,D. Jones
Okaro White,Okaro,White,O. White
Chasson Randle,Chasson,Randle,C. Randle
David Nwaba,David,Nwaba,D. Nwaba
Quinn Cook,Quinn,Cook,Q. Cook
Brice Johnson,Brice,Johnson,B. Johnson
Mike Tobey,Mike,Tobey,M. Tobey
Wayne Selden,Wayne,Selden,W. Selden
Shawn Long,Shawn,Long,S. Long
Jarrod Uthoff,Jarrod,Uthoff,J. Uthoff
Ben Bentil,Ben,Bentil,B. Bentil
Gary Payton II,Gary,II,G. II
Patricio Garino,Patricio,Garino,P. Garino
Marcus Georges-Hunt,Marcus,Georges-Hunt,M. Georges-Hunt
Isaiah Taylor,Isaiah,Taylor,I. Taylor
Alex Poythress,Alex,Poythress,A. Poythress
T.J. Leaf,T.J.,Leaf,T. Leaf
Josh Jackson,Josh,Jackson,J. Jackson
Terrance Ferguson,Terrance,Ferguson,T. Ferguson
Dakari Johnson,Dakari,Johnson,D. Johnson
De'Aaron Fox,De'Aaron,Fox,D. Fox
Ike Anigbogu,Ike,Anigbogu,I. Anigbogu
Frank Mason III,Frank,III,F. III
Bogdan Bogdanovic,Bogdan,Bogdanovic,B. Bogdanovic
Justin Jackson,Justin,Jackson,J. Jackson
Lonzo Ball,Lonzo,Ball,L. Ball
Josh Hart,Josh,Hart,J. Hart
Sterling Brown,Sterling,Brown,S. Brown
D.J. Wilson,D.J.,Wilson,D. Wilson
Kyle Kuzma,Kyle,Kuzma,K. Kuzma
Bam Adebayo,Bam,Adebayo,B. Adebayo
Ben Simmons,Ben,Simmons,B. Simmons
Khem Birch,Khem,Birch,K. Birch
O.G. Anunoby,O.G.,Anunoby,O. Anunoby
Alfonzo McKinnie,Alfonzo,McKinnie,A. McKinnie
Caleb Swanigan,Caleb,Swanigan,C. Swanigan
Jonathan Isaac,Jonathan,Isaac,J. Isaac
Royce O'Neale,Royce,O'Neale,R. O'Neale
Donovan Mitchell,Donovan,Mitchell,D. Mitchell
Dennis Smith Jr.,Dennis,Jr.,D. Jr.
Maxi Kleber,Maxi,Kleber,M. Kleber
Gian Clavell,Gian,Clavell,G. Clavell
Dillon Brooks,Dillon,Brooks,D. Brooks
Jawun Evans,Jawun,Evans,J. Evans
Sindarius Thornwell,Sindarius,Thornwell,S. Thornwell
Jordan Bell,Jordan,Bell,J. Bell
Damyean Dotson,Damyean,Dotson,D. Dotson
Brandon Paul,Brandon,Paul,B. Paul
Daniel Theis,Daniel,Theis,D. Theis
Semi Ojeleye,Semi,Ojeleye,S. Ojeleye
Abdel Nader,Abdel,Nader,A. Nader
Jayson Tatum,Jayson,Tatum,J. Tatum
Derrick White,Derrick,White,D. White
Guerschon Yabusele,Guerschon,Yabusele,G. Yabusele
Malik Monk,Malik,Monk,M. Monk
Dwayne Bacon,Dwayne,Bacon,D. Bacon
Frank Ntilikina,Frank,Ntilikina,F. Ntilikina
Cedi Osman,Cedi,Osman,C. Osman
John Collins,John,Collins,J. Collins
Josh Magette,Josh,Magette,J. Magette
Jacob Wiley,Jacob,Wiley,J. Wiley
Jarrett Allen,Jarrett,Allen,J. Allen
Lauri Markkanen,Lauri,Markkanen,L. Markkanen
Ivan Rabb,Ivan,Rabb,I. Rabb
Zhou Qi,Zhou,Qi,Z. Qi
Jalen Jones,Jalen,Jones,J. Jones
Charles Cooke,Charles,Cooke,C. Cooke
Ante Zizic,Ante,Zizic,A. Zizic
Zach Collins,Zach,Collins,Z. Collins
Wes Iwundu,Wes,Iwundu,W. Iwundu
Luke Kennard,Luke,Kennard,L. Kennard
Mangok Mathiang,Mangok,Mathiang,M. Mathiang
Marcus Paige,Marcus,Paige,M. Paige
Jabari Bird,Jabari,Bird,J. Bird
Tyler Dorsey,Tyler,Dorsey,T. Dorsey
Markelle Fultz,Markelle,Fultz,M. Fultz
Milos Teodosic,Milos,Teodosic,M. Teodosic
Alec Peters,Alec,Peters,A. Peters
Alex Caruso,Alex,Caruso,A. Caruso
Antonio Blakeney,Antonio,Blakeney,A. Blakeney
Ryan Arcidiacono,Ryan,Arcidiacono,R. Arcidiacono
Tyler Cavanaugh,Tyler,Cavanaugh,T. Cavanaugh
Jamil Wilson,Jamil,Wilson,J. Wilson
C.J. Williams,C.J.,Williams,C. Williams
Tony Bradley,Tony,Bradley,T. Bradley
Kobi Simmons,Kobi,Simmons,K. Simmons
Derrick Walton Jr.,Derrick,Jr.,D. Jr.
Torrey Craig,Torrey,Craig,T. Craig
John Holland,John,Holland,J. Holland
Antonius Cleveland,Antonius,Cleveland,A. Cleveland
Furkan Korkmaz,Furkan,Korkmaz,F. Korkmaz
Jacob Pullen,Jacob,Pullen,J. Pullen
Tyler Lydon,Tyler,Lydon,T. Lydon
Daniel Hamilton,Daniel,Hamilton,D. Hamilton
Matt Costello,Matt,Costello,M. Costello
Matt Williams Jr.,Matt,Jr.,M. Jr.
Thomas Bryant,Thomas,Bryant,T. Bryant
Milton Doyle,Milton,Doyle,M. Doyle
Naz Mitrou-Long,Naz,Mitrou-Long,N. Mitrou-Long
Kyle Collinsworth,Kyle,Collinsworth,K. Collinsworth
Malcolm Miller,Malcolm,Miller,M. Miller
Kadeem Allen,Kadeem,Allen,K. Allen
Jamel Artis,Jamel,Artis,J. Artis
Vincent Hunter,Vincent,Hunter,V. Hunter
Johnathan Motley,Johnathan,Motley,J. Motley
Monte Morris,Monte,Morris,M. Morris
London Perrantes,London,Perrantes,L. Perrantes
James Webb III,James,III,J. III
Myke Henry,Myke,Henry,M. Henry
Tyrone Wallace,Tyrone,Wallace,T. Wallace
Davon Reed,Davon,Reed,D. Reed
Nigel Hayes,Nigel,Hayes,N. Hayes
Ben Moore,Ben,Moore,B. Moore
Jaylen Morris,Jaylen,Morris,J. Morris
Shaquille Harrison,Shaquille,Harrison,S. Harrison
Walt Lemon Jr.,Walt,Jr.,W. Jr.
Andrew White III,Andrew,III,A. III
Isaiah Hicks,Isaiah,Hicks,I. Hicks
Trey McKinney-Jones,Trey,McKinney-Jones,T. McKinney-Jones
Luke Kornet,Luke,Kornet,L. Kornet
Josh Gray,Josh,Gray,J. Gray
PJ Dozier,PJ,Dozier,P. Dozier
Erik McCree,Erik,McCree,E. McCree
Reggie Hearn,Reggie,Hearn,R. Hearn
Xavier Silas,Xavier,Silas,X. Silas
Damion Lee,Damion,Lee,D. Lee
Rodney Purvis,Rodney,Purvis,R. Purvis
Jameel Warney,Jameel,Warney,J. Warney
Chris Boucher,Chris,Boucher,C. Boucher
Xavier Rathan-Mayes,Xavier,Rathan-Mayes,X. Rathan-Mayes
Andre Ingram,Andre,Ingram,A. Ingram
Devin Robinson,Devin,Robinson,D. Robinson
Aaron Jackson,Aaron,Jackson,A. Jackson
Omari Johnson,Omari,Johnson,O. Johnson
Edmond Sumner,Edmond,Sumner,E. Sumner
Justin Patton,Justin,Patton,J. Patton
Jalen Brunson,Jalen,Brunson,J. Brunson
Josh Okogie,Josh,Okogie,J. Okogie
Johnathan Williams,Johnathan,Williams,J. Williams
Luka Doncic,Luka,Doncic,L. Doncic
Bruce Brown,Bruce,Brown,B. Brown
Frank Jackson,Frank,Jackson,F. Jackson
Jacob Evans,Jacob,Evans,J. Evans
Chandler Hutchison,Chandler,Hutchison,C. Hutchison
Wendell Carter Jr.,Wendell,Jr.,W. Jr.
Mitchell Robinson,Mitchell,Robinson,M. Robinson
De'Anthony Melton,De'Anthony,Melton,D. Melton
Chimezie Metu,Chimezie,Metu,C. Metu
Elie Okobo,Elie,Okobo,E. Okobo
Deandre Ayton,Deandre,Ayton,D. Ayton
Mikal Bridges,Mikal,Bridges,M. Bridges
Allonzo Trier,Allonzo,Trier,A. Trier
Grayson Allen,Grayson,Allen,G. Allen
Gary Clark,Gary,Clark,G. Clark
Jaren Jackson Jr.,Jaren,Jr.,J. Jr.
Trae Young,Trae,Young,T. Young
Kevin Huerter,Kevin,Huerter,K. Huerter
Robert Williams III,Robert,III,R. III
Anfernee Simons,Anfernee,Simons,A. Simons
Isaiah Hartenstein,Isaiah,Hartenstein,I. Hartenstein
Jaylen Adams,Jaylen,Adams,J. Adams
Omari Spellman,Omari,Spellman,O. Spellman
Collin Sexton,Collin,Sexton,C. Sexton
Marvin Bagley III,Marvin,III,M. III
Jonah Bolden,Jonah,Bolden,J. Bolden
Landry Shamet,Landry,Shamet,L. Shamet
Mo Bamba,Mo,Bamba,M. Bamba
Miles Bridges,Miles,Bridges,M. Bridges
Shai Gilgeous-Alexander,Shai,Gilgeous-Alexander,S. Gilgeous-Alexander
Hamidou Diallo,Hamidou,Diallo,H. Diallo
Jerome Robinson,Jerome,Robinson,J. Robinson
Jordan Loyd,Jordan,Loyd,J. Loyd
Dzanan Musa,Dzanan,Musa,D. Musa
Donte DiVincenzo,Donte,DiVincenzo,D. DiVincenzo
Ryan Broekhoff,Ryan,Broekhoff,R. Broekhoff
Troy Brown Jr.,Troy,Jr.,T. Jr.
Deonte Burton,Deonte,Burton,D. Burton
Svi Mykhailiuk,Svi,Mykhailiuk,S. Mykhailiuk
Yuta Watanabe,Yuta,Watanabe,Y. Watanabe
Brad Wanamaker,Brad,Wanamaker,B. Wanamaker
Alize Johnson,Alize,Johnson,A. Johnson
Devonte' Graham,Devonte',Graham,D. Graham
Aaron Holiday,Aaron,Holiday,A. Holiday
Isaiah Briscoe,Isaiah,Briscoe,I. Briscoe
Kenrich Williams,Kenrich,Williams,K. Williams
Keita Bates-Diop,Keita,Bates-Diop,K. Bates-Diop
Harry Giles III,Harry,III,H. III
Daryl Macon,Daryl,Macon,D. Macon
Theo Pinson,Theo,Pinson,T. Pinson
Duncan Robinson,Duncan,Robinson,D. Robinson
Drew Eubanks,Drew,Eubanks,D. Eubanks
DeVaughn Akoon-Purcell,DeVaughn,Akoon-Purcell,D. Akoon-Purcell
Thomas Welsh,Thomas,Welsh,T. Welsh
Kevin Knox II,Kevin,II,K. II
Rodions Kurucs,Rodions,Kurucs,R. Kurucs
Zach Lofton,Zach,Lofton,Z. Lofton
Ray Spalding,Ray,Spalding,R. Spalding
Khyri Thomas,Khyri,Thomas,K. Thomas
Moritz Wagner,Moritz,Wagner,M. Wagner
Shake Milton,Shake,Milton,S. Milton
Tyler Davis,Tyler,Davis,T. Davis
Marcus Derrickson,Marcus,Derrickson,M. Derrickson
Gary Trent Jr.,Gary,Jr.,G. Jr.
Vincent Edwards,Vincent,Edwards,V. Edwards
Melvin Frazier Jr.,Melvin,Jr.,M. Jr.
Jared Terrell,Jared,Terrell,J. Terrell
Jevon Carter,Jevon,Carter,J. Carter
Troy Caupain,Troy,Caupain,T. Caupain
Amile Jefferson,Amile,Jefferson,A. Jefferson
Jaron Blossomgame,Jaron,Blossomgame,J. Blossomgame
Brandon Goodwin,Brandon,Goodwin,B. Goodwin
Rawle Alkins,Rawle,Alkins,R. Alkins
Isaac Bonga,Isaac,Bonga,I. Bonga
George King,George,King,G. King
Joe Chealey,Joe,Chealey,J. Chealey
Julian Washburn,Julian,Washburn,J. Washburn
Brandon Sampson,Brandon,Sampson,B. Sampson
Lonnie Walker IV,Lonnie,IV,L. IV
Deng Adel,Deng,Adel,D. Adel
Emanuel Terry,Emanuel,Terry,E. Terry
Mitchell Creek,Mitchell,Creek,M. Creek
Haywood Highsmith,Haywood,Highsmith,H. Highsmith
Jarred Vanderbilt,Jarred,Vanderbilt,J. Vanderbilt
J.P. Macura,J.P.,Macura,J. Macura
Jordan Sibert,Jordan,Sibert,J. Sibert
Tahjere McCall,Tahjere,McCall,T. McCall
Bonzie Colson,Bonzie,Colson,B. Colson
Trevon Duval,Trevon,Duval,T. Duval
Angel Delgado,Angel,Delgado,A. Delgado
Donte Grantham,Donte,Grantham,D. Grantham
Jemerrio Jones,Jemerrio,Jones,J. Jones
Dairis Bertans,Dairis,Bertans,D. Bertans
Dusty Hannahs,Dusty,Hannahs,D. Hannahs
Cam Reynolds,Cam,Reynolds,C. Reynolds
Chris Chiozza,Chris,Chiozza,C. Chiozza
Zhaire Smith,Zhaire,Smith,Z. Smith
Kostas Antetokounmpo,Kostas,Antetokounmpo,K. Antetokounmpo
BJ Johnson,BJ,Johnson,B. Johnson
Isaac Humphries,Isaac,Humphries,I. Humphries
Billy Garrett,Billy,Garrett,B. Garrett
Yante Maten,Yante,Maten,Y. Maten
Chris Silva,Chris,Silva,C. Silva
Tyler Herro,Tyler,Herro,T. Herro
Cam Reddish,Cam,Reddish,C. Reddish
De'Andre Hunter,De'Andre,Hunter,D. Hunter
Bruno Fernando,Bruno,Fernando,B. Fernando
Michael Porter Jr.,Michael,Jr.,M. Jr.
Jaxson Hayes,Jaxson,Hayes,J. Hayes
Vlatko Cancar,Vlatko,Cancar,V. Cancar
Nickeil Alexander-Walker,Nickeil,Alexander-Walker,N. Alexander-Walker
Nicolo Melli,Nicolo,Melli,N. Melli
Kendrick Nunn,Kendrick,Nunn,K. Nunn
Wenyen Gabriel,Wenyen,Gabriel,W. Gabriel
Cody Martin,Cody,Martin,C. Martin
Cameron Johnson,Cameron,Johnson,C. Johnson
Eric Paschall,Eric,Paschall,E. Paschall
P.J. Washington,P.J.,Washington,P. Washington
Mfiondu Kabengele,Mfiondu,Kabengele,M. Kabengele
Nigel Williams-Goss,Nigel,Williams-Goss,N. Williams-Goss
Stanton Kidd,Stanton,Kidd,S. Kidd
Goga Bitadze,Goga,Bitadze,G. Bitadze
Rui Hachimura,Rui,Hachimura,R. Hachimura
Kevin Porter Jr.,Kevin,Jr.,K. Jr.
Darius Garland,Darius,Garland,D. Garland
Coby White,Coby,White,C. White
Matisse Thybulle,Matisse,Thybulle,M. Thybulle
Jarrett Culver,Jarrett,Culver,J. Culver
RJ Barrett,RJ,Barrett,R. Barrett
Javonte Green,Javonte,Green,J. Green
Carsen Edwards,Carsen,Edwards,C. Edwards
Romeo Langford,Romeo,Langford,R. Langford
Grant Williams,Grant,Williams,G. Williams
Ky Bowman,Ky,Bowman,K. Bowman
Jordan Poole,Jordan,Poole,J. Poole
Terance Mann,Terance,Mann,T. Mann
Darius Bazley,Darius,Bazley,D. Bazley
Terence Davis,Terence,Davis,T. Davis
Matt Thomas,Matt,Thomas,M. Thomas
Brandon Clarke,Brandon,Clarke,B. Clarke
Ja Morant,Ja,Morant,J. Morant
Marko Guduric,Marko,Guduric,M. Guduric
Tyler Cook,Tyler,Cook,T. Cook
Zach Norvell Jr.,Zach,Jr.,Z. Jr.
Caleb Martin,Caleb,Martin,C. Martin
KZ Okpala,KZ,Okpala,K. Okpala
Justin James,Justin,James,J. James
Vincent Poirier,Vincent,Poirier,V. Poirier
Tacko Fall,Tacko,Fall,T. Fall
Daniel Gafford,Daniel,Gafford,D. Gafford
Admiral Schofield,Admiral,Schofield,A. Schofield
Jarrell Brantley,Jarrell,Brantley,J. Brantley
Garrison Mathews,Garrison,Mathews,G. Mathews
Jalen McDaniels,Jalen,McDaniels,J. McDaniels
Kelan Martin,Kelan,Martin,K. Martin
Nassir Little,Nassir,Little,N. Little
Jared Harper,Jared,Harper,J. Harper
Justin Robinson,Justin,Robinson,J. Robinson
Chris Clemons,Chris,Clemons,C. Clemons
Max Strus,Max,Strus,M. Strus
Norvel Pelle,Norvel,Pelle,N. Pelle
Oshae Brissett,Oshae,Brissett,O. Brissett
Shamorie Ponds,Shamorie,Ponds,S. Ponds
Ignas Brazdeikis,Ignas,Brazdeikis,I. Brazdeikis
Juwan Morgan,Juwan,Morgan,J. Morgan
Miye Oni,Miye,Oni,M. Oni
Moses Brown,Moses,Brown,M. Brown
Devon Hall,Devon,Hall,D. Hall
Jaylen Hoard,Jaylen,Hoard,J. Hoard
Nic Claxton,Nic,Claxton,N. Claxton
Tremont Waters,Tremont,Waters,T. Waters
Jaylen Nowell,Jaylen,Nowell,J. Nowell
Jordan Bone,Jordan,Bone,J. Bone
Sekou Doumbouya,Sekou,Doumbouya,S. Doumbouya
DaQuan Jeffries,DaQuan,Jeffries,D. Jeffries
Keldon Johnson,Keldon,Johnson,K. Johnson
Dean Wade,Dean,Wade,D. Wade
Dewan Hernandez,Dewan,Hernandez,D. Hernandez
Brian Bowen II,Brian,II,B. II
Charlie Brown Jr.,Charlie,Jr.,C. Jr.
Zylan Cheatham,Zylan,Cheatham,Z. Cheatham
Jordan McLaughlin,Jordan,McLaughlin,J. McLaughlin
John Konchar,John,Konchar,J. Konchar
Alen Smailagic,Alen,Smailagic,A. Smailagic
Amir Coffey,Amir,Coffey,A. Coffey
Anzejs Pasecniks,Anzejs,Pasecniks,A. Pasecniks
Naz Reid,Naz,Reid,N. Reid
Rayjon Tucker,Rayjon,Tucker,R. Tucker
Louis King,Louis,King,L. King
Adam Mokoka,Adam,Mokoka,A. Mokoka
Kevin Hervey,Kevin,Hervey,K. Hervey
Luguentz Dort,Luguentz,Dort,L. Dort
Ty Jerome,Ty,Jerome,T. Jerome
Talen Horton-Tucker,Talen,Horton-Tucker,T. Horton-Tucker
Zion Williamson,Zion,Williamson,Z. Williamson
Paul Watson,Paul,Watson,P. Watson
Jeremiah Martin,Jeremiah,Martin,J. Martin
Isaiah Roby,Isaiah,Roby,I. Roby
Matt Mooney,Matt,Mooney,M. Mooney
Vic Law,Vic,Law,V. Law
Gabe Vincent,Gabe,Vincent,G. Vincent
Michael Frazier II,Michael,II,M. II
Kyle Guy,Kyle,Guy,K. Guy
Jalen Lecque,Jalen,Lecque,J. Lecque
Josh Reaves,Josh,Reaves,J. Reaves
Juan Toscano-Anderson,Juan,Toscano-Anderson,J. Toscano-Anderson
Mychal Mulder,Mychal,Mulder,M. Mulder
Donta Hall,Donta,Hall,D. Hall
Justin Wright-Foreman,Justin,Wright-Foreman,J. Wright-Foreman
William Howard,William,Howard,W. Howard
Tariq Owens,Tariq,Owens,T. Owens
Malik Newman,Malik,Newman,M. Newman
Quinndary Weatherspoon,Quinndary,Weatherspoon,Q. Weatherspoon
Marial Shayok,Marial,Shayok,M. Shayok
Marques Bolden,Marques,Bolden,M. Bolden
Eric Mika,Eric,Mika,E. Mika
Luka Samanic,Luka,Samanic,L. Samanic
Aleksej Pokusevski,Aleksej,Pokusevski,A. Pokusevski
Theo Maledon,Theo,Maledon,T. Maledon
Josh Hall,Josh,Hall,J. Hall
Kira Lewis Jr.,Kira,Jr.,K. Jr.
Lamar Stevens,Lamar,Stevens,L. Stevens
Patrick Williams,Patrick,Williams,P. Williams
Deni Avdija,Deni,Avdija,D. Avdija
Jae'Sean Tate,Jae'Sean,Tate,J. Tate
Tyrese Haliburton,Tyrese,Haliburton,T. Haliburton
Tyrese Maxey,Tyrese,Maxey,T. Maxey
Chuma Okeke,Chuma,Okeke,C. Okeke
Cole Anthony,Cole,Anthony,C. Anthony
Malachi Flynn,Malachi,Flynn,M. Flynn
Dakota Mathias,Dakota,Mathias,D. Mathias
Karim Mane,Karim,Mane,K. Mane
Isaiah Joe,Isaiah,Joe,I. Joe
Cassius Stanley,Cassius,Stanley,C. Stanley
Vernon Carey Jr.,Vernon,Jr.,V. Jr.
Nick Richards,Nick,Richards,N. Richards
Josh Green,Josh,Green,J. Green
Tyrell Terry,Tyrell,Terry,T. Terry
Daniel Oturu,Daniel,Oturu,D. Oturu
Keljin Blevins,Keljin,Blevins,K. Blevins
CJ Elleby,CJ,Elleby,C. Elleby
LaMelo Ball,LaMelo,Ball,L. Ball
Aaron Nesmith,Aaron,Nesmith,A. Nesmith
Sean McDermott,Sean,McDermott,S. McDermott
Precious Achiuwa,Precious,Achiuwa,P. Achiuwa
Payton Pritchard,Payton,Pritchard,P. Pritchard
Desmond Bane,Desmond,Bane,D. Bane
Tre Jones,Tre,Jones,T. Jones
Devin Vassell,Devin,Vassell,D. Vassell
Bol Bol,Bol,Bol,B. Bol
Jaden McDaniels,Jaden,McDaniels,J. McDaniels
Facundo Campazzo,Facundo,Campazzo,F. Campazzo
Markus Howard,Markus,Howard,M. Howard
R.J. Hampton,R.J.,Hampton,R. Hampton
Zeke Nnaji,Zeke,Nnaji,Z. Nnaji
Sam Merrill,Sam,Merrill,S. Merrill
Ty-Shon Alexander,Ty-Shon,Alexander,T. Alexander
Jordan Nwora,Jordan,Nwora,J. Nwora
Anthony Gill,Anthony,Gill,A. Gill
Anthony Edwards,Anthony,Edwards,A. Edwards
Killian Hayes,Killian,Hayes,K. Hayes
Saddiq Bey,Saddiq,Bey,S. Bey
James Wiseman,James,Wiseman,J. Wiseman
Isaiah Stewart,Isaiah,Stewart,I. Stewart
Brodric Thomas,Brodric,Thomas,B. Thomas
Jahmi'us Ramsey,Jahmi'us,Ramsey,J. Ramsey
Robert Woodard II,Robert,II,R. II
Nathan Knight,Nathan,Knight,N. Knight
Isaac Okoro,Isaac,Okoro,I. Okoro
Jalen Smith,Jalen,Smith,J. Smith
Reggie Perry,Reggie,Perry,R. Perry
Skylar Mays,Skylar,Mays,S. Mays
Immanuel Quickley,Immanuel,Quickley,I. Quickley
Obi Toppin,Obi,Toppin,O. Toppin
Udoka Azubuike,Udoka,Azubuike,U. Azubuike
Elijah Hughes,Elijah,Hughes,E. Hughes
Dylan Windler,Dylan,Windler,D. Windler
Xavier Tillman,Xavier,Tillman,X. Tillman
Mason Jones,Mason,Jones,M. Jones
Cassius Winston,Cassius,Winston,C. Winston
Onyeka Okongwu,Onyeka,Okongwu,O. Okongwu
Deividas Sirvydis,Deividas,Sirvydis,D. Sirvydis
Devontae Cacok,Devontae,Cacok,D. Cacok
Nico Mannion,Nico,Mannion,N. Mannion
Ashton Hagans,Ashton,Hagans,A. Hagans
Nate Hinton,Nate,Hinton,N. Hinton
Paul Reed,Paul,Reed,P. Reed
Saben Lee,Saben,Lee,S. Lee
Kenyon Martin Jr.,Kenyon,Jr.,K. Jr.
Tyler Bey,Tyler,Bey,T. Bey
Jalen Harris,Jalen,Harris,J. Harris
Naji Marshall,Naji,Marshall,N. Marshall
Trent Forrest,Trent,Forrest,T. Forrest
Devon Dotson,Devon,Dotson,D. Dotson
Killian Tillie,Killian,Tillie,K. Tillie
Greg Whittington,Greg,Whittington,G. Whittington
Mamadi Diakite,Mamadi,Diakite,M. Diakite
Anthony Lamb,Anthony,Lamb,A. Lamb
Jontay Porter,Jontay,Porter,J. Porter
Nate Darling,Nate,Darling,N. Darling
Will Magnay,Will,Magnay,W. Magnay
Freddie Gillespie,Freddie,Gillespie,F. Gillespie
Armoni Brooks,Armoni,Brooks,A. Brooks
Amida Brimah,Amida,Brimah,A. Brimah
Gabriel Deck,Gabriel,Deck,G. Deck
Robert Franks,Robert,Franks,R. Franks
Grant Riller,Grant,Riller,G. Riller
Devin Cannady,Devin,Cannady,D. Cannady
Malik Fitts,Malik,Fitts,M. Fitts
Elijah Bryant,Elijah,Bryant,E. Bryant
Cameron Oliver,Cameron,Oliver,C. Oliver
Jay Scrubb,Jay,Scrubb,J. Scrubb
Didi Louzada,Didi,Louzada,D. Louzada
Jared Butler,Jared,Butler,J. Butler
Sandro Mamukelashvili,Sandro,Mamukelashvili,S. Mamukelashvili
Davion Mitchell,Davion,Mitchell,D. Mitchell
Greg Brown III,Greg,III,G. III
Jamorko Pickett,Jamorko,Pickett,J. Pickett
Usman Garuba,Usman,Garuba,U. Garuba
Josh Christopher,Josh,Christopher,J. Christopher
Jalen Green,Jalen,Green,J. Green
Alperen Sengun,Alperen,Sengun,A. Sengun
Austin Reaves,Austin,Reaves,A. Reaves
Day'Ron Sharpe,Day'Ron,Sharpe,D. Sharpe
Luka Garza,Luka,Garza,L. Garza
Cam Thomas,Cam,Thomas,C. Thomas
Scottie Barnes,Scottie,Barnes,S. Barnes
Charles Bassey,Charles,Bassey,C. Bassey
Chris Duarte,Chris,Duarte,C. Duarte
Dalano Banton,Dalano,Banton,D. Banton
Ayo Dosunmu,Ayo,Dosunmu,A. Dosunmu
Jalen Johnson,Jalen,Johnson,J. Johnson
Jalen Suggs,Jalen,Suggs,J. Suggs
Cade Cunningham,Cade,Cunningham,C. Cunningham
Corey Kispert,Corey,Kispert,C. Kispert
Herbert Jones,Herbert,Jones,H. Jones
Trey Murphy III,Trey,III,T. III
Miles McBride,Miles,McBride,M. McBride
Franz Wagner,Franz,Wagner,F. Wagner
Jeremiah Robinson-Earl,Jeremiah,Robinson-Earl,J. Robinson-Earl
Josh Giddey,Josh,Giddey,J. Giddey
Moses Moody,Moses,Moody,M. Moody
Jonathan Kuminga,Jonathan,Kuminga,J. Kuminga
Evan Mobley,Evan,Mobley,E. Mobley
Bones Hyland,Bones,Hyland,B. Hyland
Omer Yurtseven,Omer,Yurtseven,O. Yurtseven
Ziaire Williams,Ziaire,Williams,Z. Williams
Santi Aldama,Santi,Aldama,S. Aldama
Georgios Kalaitzakis,Georgios,Kalaitzakis,G. Kalaitzakis
Jock Landale,Jock,Landale,J. Landale
Duane Washington Jr.,Duane,Jr.,D. Jr.
DeJon Jarreau,DeJon,Jarreau,D. Jarreau
Eugene Omoruyi,Eugene,Omoruyi,E. Omoruyi
Isaiah Jackson,Isaiah,Jackson,I. Jackson
Justin Champagnie,Justin,Champagnie,J. Champagnie
David Johnson,David,Johnson,D. Johnson
Kevin Pangos,Kevin,Pangos,K. Pangos
Tre Mann,Tre,Mann,T. Mann
Petr Cornelie,Petr,Cornelie,P. Cornelie
Brandon Boston Jr.,Brandon,Jr.,B. Jr.
Sharife Cooper,Sharife,Cooper,S. Cooper
Joel Ayayi,Joel,Ayayi,J. Ayayi
Isaiah Todd,Isaiah,Todd,I. Todd
Marcus Garrett,Marcus,Garrett,M. Garrett
James Bouknight,James,Bouknight,J. Bouknight
JT Thor,JT,Thor,J. Thor
Kai Jones,Kai,Jones,K. Jones
Joshua Primo,Joshua,Primo,J. Primo
Jericho Sims,Jericho,Sims,J. Sims
RJ Nembhard Jr.,RJ,Jr.,R. Jr.
Quentin Grimes,Quentin,Grimes,Q. Grimes
Vit Krejci,Vit,Krejci,V. Krejci
Leandro Bolmaro,Leandro,Bolmaro,L. Bolmaro
McKinley Wright IV,McKinley,IV,M. IV
Jaden Springer,Jaden,Springer,J. Springer
Aaron Henry,Aaron,Henry,A. Henry
Trendon Watford,Trendon,Watford,T. Watford
Daishen Nix,Daishen,Nix,D. Nix
Aaron Wiggins,Aaron,Wiggins,A. Wiggins
Keon Johnson,Keon,Johnson,K. Johnson
Joe Wieskamp,Joe,Wieskamp,J. Wieskamp
Jose Alvarado,Jose,Alvarado,J. Alvarado
Ish Wainright,Ish,Wainright,I. Wainright
Kessler Edwards,Kessler,Edwards,K. Edwards
Sam Hauser,Sam,Hauser,S. Hauser
Marko Simonovic,Marko,Simonovic,M. Simonovic
Yves Pons,Yves,Pons,Y. Pons
Jeff Dowtin Jr.,Jeff,Jr.,J. Jr.
Jay Huff,Jay,Huff,J. Huff
JaQuori McLaughlin,JaQuori,McLaughlin,J. McLaughlin
Trevelin Queen,Trevelin,Queen,T. Queen
Chaundee Brown Jr.,Chaundee,Jr.,C. Jr.
Keifer Sykes,Keifer,Sykes,K. Sykes
MJ Walker,MJ,Walker,M. Walker
Carlik Jones,Carlik,Jones,C. Jones
Cameron McGriff,Cameron,McGriff,C. McGriff
Jarron Cumberland,Jarron,Cumberland,J. Cumberland
Xavier Sneed,Xavier,Sneed,X. Sneed
Jordan Schakel,Jordan,Schakel,J. Schakel
Craig Sword,Craig,Sword,C. Sword
Jaime Echenique,Jaime,Echenique,J. Echenique
Jordan Goodwin,Jordan,Goodwin,J. Goodwin
Cat Barber,Cat,Barber,C. Barber
Mac McClung,Mac,McClung,M. McClung
Malcolm Hill,Malcolm,Hill,M. Hill
Trayvon Palmer,Trayvon,Palmer,T. Palmer
Xavier Moon,Xavier,Moon,X. Moon
Brandon Williams,Brandon,Williams,B. Williams
Shaq Buchanan,Shaq,Buchanan,S. Buchanan
Olivier Sarr,Olivier,Sarr,O. Sarr
Rob Edwards,Rob,Edwards,R. Edwards
Hassani Gravett,Hassani,Gravett,H. Gravett
Trevon Scott,Trevon,Scott,T. Scott
Aleem Ford,Aleem,Ford,A. Ford
Myles Powell,Myles,Powell,M. Powell
Tyler Hall,Tyler,Hall,T. Hall
Javonte Smart,Javonte,Smart,J. Smart
Moses Wright,Moses,Wright,M. Wright
Ade Murkey,Ade,Murkey,A. Murkey
Neemias Queta,Neemias,Queta,N. Queta
David Duke Jr.,David,Jr.,D. Jr.
Isaiah Livers,Isaiah,Livers,I. Livers
Scottie Lewis,Scottie,Lewis,S. Lewis
Arnoldas Kulboka,Arnoldas,Kulboka,A. Kulboka
Terry Taylor,Terry,Taylor,T. Taylor
Lindell Wigginton,Lindell,Wigginton,L. Wigginton
Braxton Key,Braxton,Key,B. Key
Jon Teske,Jon,Teske,J. Teske
Paris Bass,Paris,Bass,P. Bass
Ahmad Caver,Ahmad,Caver,A. Caver
Micah Potter,Micah,Potter,M. Potter
Javin DeLaurier,Javin,DeLaurier,J. DeLaurier
Jaysean Paige,Jaysean,Paige,J. Paige
Lindy Waters III,Lindy,III,L. III
Zavier Simpson,Zavier,Simpson,Z. Simpson
Matt Ryan,Matt,Ryan,M. Ryan
Gabe York,Gabe,York,G. York
Gabriel Lundberg,Gabriel,Lundberg,G. Lundberg
Feron Hunt,Feron,Hunt,F. Hunt
Bennedict Mathurin,Bennedict,Mathurin,B. Mathurin
Andrew Nembhard,Andrew,Nembhard,A. Nembhard
AJ Griffin,AJ,Griffin,A. Griffin
Ron Harper Jr.,Ron,Jr.,R. Jr.
Keegan Murray,Keegan,Murray,K. Murray
Johnny Davis,Johnny,Davis,J. Davis
Kenneth Lofton Jr.,Kenneth,Jr.,K. Jr.
Vince Williams Jr.,Vince,Jr.,V. Jr.
Kennedy Chandler,Kennedy,Chandler,K. Chandler
Ochai Agbaji,Ochai,Agbaji,O. Agbaji
Tari Eason,Tari,Eason,T. Eason
Jabari Smith Jr.,Jabari,Jr.,J. Jr.
MarJon Beauchamp,MarJon,Beauchamp,M. Beauchamp
Christian Koloko,Christian,Koloko,C. Koloko
Tyrese Martin,Tyrese,Martin,T. Martin
David Roddy,David,Roddy,D. Roddy
Jaden Ivey,Jaden,Ivey,J. Ivey
Jalen Duren,Jalen,Duren,J. Duren
Ryan Rollins,Ryan,Rollins,R. Rollins
Patrick Baldwin Jr.,Patrick,Jr.,P. Jr.
Moussa Diabate,Moussa,Diabate,M. Diabate
Dereon Seabron,Dereon,Seabron,D. Seabron
Christian Braun,Christian,Braun,C. Braun
Malaki Branham,Malaki,Branham,M. Branham
Blake Wesley,Blake,Wesley,B. Wesley
Kevon Harris,Kevon,Harris,K. Harris
Paolo Banchero,Paolo,Banchero,P. Banchero
Dalen Terry,Dalen,Terry,D. Terry
Nikola Jovic,Nikola,Jovic,N. Jovic
Jalen Williams,Jalen,Williams,J. Williams
Jaden Hardy,Jaden,Hardy,J. Hardy
Caleb Houstan,Caleb,Houstan,C. Houstan
Mark Williams,Mark,Williams,M. Williams
Bryce McGowens,Bryce,McGowens,B. McGowens
Shaedon Sharpe,Shaedon,Sharpe,S. Sharpe
Jabari Walker,Jabari,Walker,J. Walker
Jack White,Jack,White,J. White
Peyton Watson,Peyton,Watson,P. Watson
Jeremy Sochan,Jeremy,Sochan,J. Sochan
Ousmane Dieng,Ousmane,Dieng,O. Dieng
Chima Moneke,Chima,Moneke,C. Moneke
Jake LaRavia,Jake,LaRavia,J. LaRavia
Max Christie,Max,Christie,M. Christie
Dru Smith,Dru,Smith,D. Smith
Walker Kessler,Walker,Kessler,W. Kessler
Simone Fontecchio,Simone,Fontecchio,S. Fontecchio
Dyson Daniels,Dyson,Daniels,D. Daniels
Jason Preston,Jason,Preston,J. Preston
Wendell Moore Jr.,Wendell,Jr.,W. Jr.
Jaylin Williams,Jaylin,Williams,J. Williams
Isaiah Mobley,Isaiah,Mobley,I. Mobley
AJ Green,AJ,Green,A. Green
Trevor Hudgins,Trevor,Hudgins,T. Hudgins
Buddy Boeheim,Buddy,Boeheim,B. Boeheim
Trevor Keels,Trevor,Keels,T. Keels
Scotty Pippen Jr.,Scotty,Jr.,S. Jr.
Cole Swider,Cole,Swider,C. Swider
John Butler Jr.,John,Jr.,J. Jr.
Josh Minott,Josh,Minott,J. Minott
Jamal Cain,Jamal,Cain,J. Cain
Kendall Brown,Kendall,Brown,K. Brown
Julian Champagnie,Julian,Champagnie,J. Champagnie
JD Davison,JD,Davison,J. Davison
Jordan Hall,Jordan,Hall,J. Hall
Michael Foster Jr.,Michael,Jr.,M. Jr.
Dominick Barlow,Dominick,Barlow,D. Barlow
Orlando Robinson,Orlando,Robinson,O. Robinson
Keon Ellis,Keon,Ellis,K. Ellis
A.J. Lawson,A.J.,Lawson,A. Lawson
TyTy Washington Jr.,TyTy,Jr.,T. Jr.
Alondes Williams,Alondes,Williams,A. Williams
